Phone,FirstName,LastName
9919426941,Yogendra,Gupta
9919426942,Yogendra,Gupta
9919426943,Yogendra,Gupta
9919426944,Yogendra,Gupta
9919426945,Yogendra,Gupta
9919426946,Yogendra,Gupta
9919426947,Yogendra,Gupta
9919426948,Yogendra,Gupta
9919426949,Yogendra,Gupta
9919426950,Yogendra,Gupta
9919426951,Yogendra,Gupta
9919426952,Yogendra,Gupta
9919426953,Yogendra,Gupta
9919426954,Yogendra,Gupta
9919426955,Yogendra,Gupta
9919426956,Yogendra,Gupta
9919426957,Yogendra,Gupta
9919426958,Yogendra,Gupta
9919426959,Yogendra,Gupta
9919426960,Yogendra,Gupta
9919426961,Yogendra,Gupta
9919426962,Yogendra,Gupta
9919426963,Yogendra,Gupta
9919426964,Yogendra,Gupta
9919426965,Yogendra,Gupta
9919426966,Yogendra,Gupta
9919426967,Yogendra,Gupta
9919426968,Yogendra,Gupta
9919426969,Yogendra,Gupta
9919426970,Yogendra,Gupta
9919426971,Yogendra,Gupta
9919426972,Yogendra,Gupta
9919426973,Yogendra,Gupta
9919426974,Yogendra,Gupta
9919426975,Yogendra,Gupta
9919426976,Yogendra,Gupta
9919426977,Yogendra,Gupta
9919426978,Yogendra,Gupta
9919426979,Yogendra,Gupta
9919426980,Yogendra,Gupta
9919426981,Yogendra,Gupta
9919426982,Yogendra,Gupta
9919426983,Yogendra,Gupta
9919426984,Yogendra,Gupta
9919426985,Yogendra,Gupta
9919426986,Yogendra,Gupta
9919426987,Yogendra,Gupta
9919426988,Yogendra,Gupta
9919426989,Yogendra,Gupta
9919426990,Yogendra,Gupta
9919426991,Yogendra,Gupta
9919426992,Yogendra,Gupta
9919426993,Yogendra,Gupta
9919426994,Yogendra,Gupta
9919426995,Yogendra,Gupta
9919426996,Yogendra,Gupta
9919426997,Yogendra,Gupta
9919426998,Yogendra,Gupta
9919426999,Yogendra,Gupta
9919427000,Yogendra,Gupta
9919427001,Yogendra,Gupta
9919427002,Yogendra,Gupta
9919427003,Yogendra,Gupta
9919427004,Yogendra,Gupta
9919427005,Yogendra,Gupta
9919427006,Yogendra,Gupta
9919427007,Yogendra,Gupta
9919427008,Yogendra,Gupta
9919427009,Yogendra,Gupta
9919427010,Yogendra,Gupta
9919427011,Yogendra,Gupta
9919427012,Yogendra,Gupta
9919427013,Yogendra,Gupta
9919427014,Yogendra,Gupta
9919427015,Yogendra,Gupta
9919427016,Yogendra,Gupta
9919427017,Yogendra,Gupta
9919427018,Yogendra,Gupta
9919427019,Yogendra,Gupta
9919427020,Yogendra,Gupta
9919427021,Yogendra,Gupta
9919427022,Yogendra,Gupta
9919427023,Yogendra,Gupta
9919427024,Yogendra,Gupta
9919427025,Yogendra,Gupta
9919427026,Yogendra,Gupta
9919427027,Yogendra,Gupta
9956049070,Sunny,Singh
9956049071,Sunny,Singh
9956049072,Sunny,Singh
9956049073,Sunny,Singh
9956049074,Sunny,Singh
9956049075,Sunny,Singh
9956049076,Sunny,Singh
9956049077,Sunny,Singh
9956049078,Sunny,Singh
9956049079,Sunny,Singh
9956049080,Sunny,Singh
9956049081,Sunny,Singh
9956049082,Sunny,Singh
9956049083,Sunny,Singh
9956049084,Sunny,Singh
9956049085,Sunny,Singh
9956049086,Sunny,Singh
9956049087,Sunny,Singh
9956049088,Sunny,Singh
9956049089,Sunny,Singh
9956049090,Sunny,Singh
9956049091,Sunny,Singh
9956049092,Sunny,Singh
9956049093,Sunny,Singh
9956049094,Sunny,Singh
9956049095,Sunny,Singh
9956049096,Sunny,Singh
9956049097,Sunny,Singh
9956049098,Sunny,Singh
9956049099,Sunny,Singh
9956049100,Sunny,Singh
9956049101,Sunny,Singh
9956049102,Sunny,Singh
9956049103,Sunny,Singh
9956049104,Sunny,Singh
9956049105,Sunny,Singh
9956049106,Sunny,Singh
9956049107,Sunny,Singh
9956049108,Sunny,Singh
9956049109,Sunny,Singh
9956049110,Sunny,Singh
9956049111,Sunny,Singh
9956049112,Sunny,Singh
9956049113,Sunny,Singh
9956049114,Sunny,Singh
9956049115,Sunny,Singh
9956049116,Sunny,Singh
9956049117,Sunny,Singh
9956049118,Sunny,Singh
9956049119,Sunny,Singh
9956049120,Sunny,Singh
9956049121,Sunny,Singh
9956049122,Sunny,Singh
9956049123,Sunny,Singh
9956049124,Sunny,Singh
9956049125,Sunny,Singh
9956049126,Sunny,Singh
9956049127,Sunny,Singh
9956049128,Sunny,Singh
9956049129,Sunny,Singh
9956049130,Sunny,Singh
9956049131,Sunny,Singh
9956049132,Sunny,Singh
9956049133,Sunny,Singh
9956049134,Sunny,Singh
9956049135,Sunny,Singh
9956049136,Sunny,Singh
9956049137,Sunny,Singh
9956049138,Sunny,Singh
9956049139,Sunny,Singh
9956049140,Sunny,Singh
9956049141,Sunny,Singh
7351906745,Sunny,Singh
7351906746,Sunny,Singh
7351906747,Sunny,Singh
7351906748,Sunny,Singh
7351906749,Sunny,Singh
7351906750,Sunny,Singh
7351906751,Sunny,Singh
7351906752,Sunny,Singh
7351906753,Sunny,Singh
7351906754,Sunny,Singh
7351906755,Sunny,Singh
7351906756,Sunny,Singh
7351906757,Sunny,Singh
7351906758,Sunny,Singh
7351906759,Sunny,Singh
7351906760,Sunny,Singh
7351906761,Sunny,Singh
7351906762,Sunny,Singh
7351906763,Sunny,Singh
7351906764,Sunny,Singh
7351906765,Sunny,Singh
7351906766,Sunny,Singh
7351906767,Sunny,Singh
7351906768,Sunny,Singh
7351906769,Sunny,Singh
7351906770,Sunny,Singh
7351906771,Sunny,Singh
7351906772,Sunny,Singh
7351906773,Sunny,Singh
7351906774,Sunny,Singh
7351906775,Sunny,Singh
7351906776,Sunny,Singh
7351906777,Sunny,Singh
7351906778,Sunny,Singh
7351906779,Sunny,Singh
7351906780,Sunny,Singh
7351906781,Sunny,Singh
7351906782,Sunny,Singh
7351906783,Sunny,Singh
7351906784,Sunny,Singh
7351906785,Sunny,Singh
7351906786,Sunny,Singh
7351906787,Sunny,Singh
7351906788,Sunny,Singh
7351906789,Sunny,Singh
7351906790,Sunny,Singh
7351906791,Sunny,Singh
7351906792,Sunny,Singh
7351906793,Sunny,Singh
7351906794,Sunny,Singh
7351906795,Sunny,Singh
7351906796,Sunny,Singh
7351906797,Sunny,Singh
7351906798,Sunny,Singh
7351906799,Sunny,Singh
7351906800,Sunny,Singh
7351906801,Sunny,Singh
7351906802,Sunny,Singh
7351906803,Sunny,Singh
7351906804,Sunny,Singh
7351906805,Sunny,Singh
7351906806,Sunny,Singh
7351906807,Sunny,Singh
7351906808,Sunny,Singh
7351906809,Sunny,Singh
7351906810,Sunny,Singh
7351906811,Sunny,Singh
7351906812,Sunny,Singh
7351906813,Sunny,Singh
7351906814,Sunny,Singh
7351906815,Sunny,Singh
7351906816,Sunny,Singh
7351906817,Sunny,Singh
7351906818,Sunny,Singh
7351906819,Sunny,Singh
7351906820,Sunny,Singh
7351906821,Sunny,Singh
7351906822,Sunny,Singh
7351906823,Sunny,Singh
7351906824,Sunny,Singh
7351906825,Sunny,Singh
7351906826,Sunny,Singh
7351906827,Sunny,Singh
7351906828,Sunny,Singh
7351906829,Sunny,Singh
7351906830,Sunny,Singh
7351906831,Sunny,Singh
7351906832,Sunny,Singh
7351906833,Sunny,Singh
7351906834,Sunny,Singh
7351906835,Sunny,Singh
7351906836,Sunny,Singh
7351906837,Sunny,Singh
7351906838,Sunny,Singh
7351906839,Sunny,Singh
7351906840,Sunny,Singh
7351906841,Sunny,Singh
7351906842,Sunny,Singh
7351906843,Sunny,Singh
7351906844,Sunny,Singh
7351906845,Sunny,Singh
7351906846,Sunny,Singh
7351906847,Sunny,Singh
7351906848,Sunny,Singh
7351906849,Sunny,Singh
7351906850,Sunny,Singh
7351906851,Sunny,Singh
7351906852,Sunny,Singh
7351906853,Sunny,Singh
7017732329,Sunny,Singh
7017732330,Sunny,Singh
7017732331,Sunny,Singh
7017732332,Sunny,Singh
7017732333,Sunny,Singh
7017732334,Sunny,Singh
7017732335,Sunny,Singh
7017732336,Sunny,Singh
7017732337,Sunny,Singh
7017732338,Sunny,Singh
7017732339,Sunny,Singh
7017732340,Sunny,Singh
7017732341,Sunny,Singh
7017732342,Sunny,Singh
7017732343,Sunny,Singh
7017732344,Sunny,Singh
7017732345,Sunny,Singh
7017732346,Sunny,Singh
7017732347,Sunny,Singh
7017732348,Sunny,Singh
7017732349,Sunny,Singh
7017732350,Sunny,Singh
7017732351,Sunny,Singh
7017732352,Sunny,Singh
7017732353,Sunny,Singh
7017732354,Sunny,Singh
7017732355,Sunny,Singh
7017732356,Sunny,Singh
7017732357,Sunny,Singh
7017732358,Sunny,Singh
7017732359,Sunny,Singh
7017732360,Sunny,Singh
7017732361,Sunny,Singh
7017732362,Sunny,Singh
7017732363,Sunny,Singh
7017732364,Sunny,Singh
7017732365,Sunny,Singh
7017732366,Sunny,Singh
7017732367,Sunny,Singh
7017732368,Sunny,Singh
7017732369,Sunny,Singh
7017732370,Sunny,Singh
7017732371,Sunny,Singh
7017732372,Sunny,Singh
7017732373,Sunny,Singh
7017732374,Sunny,Singh
7017732375,Sunny,Singh
7017732376,Sunny,Singh
7017732377,Sunny,Singh
7017732378,Sunny,Singh
7017732379,Sunny,Singh
7017732380,Sunny,Singh
7017732381,Sunny,Singh
7017732382,Sunny,Singh
7017732383,Sunny,Singh
7017732384,Sunny,Singh
7017732385,Sunny,Singh
7017732386,Sunny,Singh
7017732387,Sunny,Singh
7017732388,Sunny,Singh
7017732389,Sunny,Singh
7017732390,Sunny,Singh
7017732391,Sunny,Singh
7017732392,Sunny,Singh
7017732393,Sunny,Singh
7017732394,Sunny,Singh
7017732395,Sunny,Singh
7017732396,Sunny,Singh
7017732397,Sunny,Singh
7017732398,Sunny,Singh
7017732399,Sunny,Singh
7017732400,Sunny,Singh
7017732401,Sunny,Singh
7017732402,Sunny,Singh
7017732403,Sunny,Singh
7017732404,Sunny,Singh
7017732405,Sunny,Singh
7017732406,Sunny,Singh
7017732407,Sunny,Singh
7017732408,Sunny,Singh
7017732409,Sunny,Singh
7017732410,Sunny,Singh
7017732411,Sunny,Singh
7017732412,Sunny,Singh
9643214503,Sunny,Singh
9643214504,Sunny,Singh
9643214505,Sunny,Singh
9643214506,Sunny,Singh
9643214507,Sunny,Singh
9643214508,Sunny,Singh
9643214509,Sunny,Singh
9643214510,Sunny,Singh
9643214511,Sunny,Singh
9643214512,Sunny,Singh
9643214513,Sunny,Singh
9643214514,Sunny,Singh
9643214515,Sunny,Singh
9643214516,Sunny,Singh
9643214517,Sunny,Singh
9643214518,Sunny,Singh
9643214519,Sunny,Singh
9643214520,Sunny,Singh
9643214521,Sunny,Singh
9643214522,Sunny,Singh
9643214523,Sunny,Singh
9643214524,Sunny,Singh
9643214525,Sunny,Singh
9643214526,Sunny,Singh
9643214527,Sunny,Singh
9643214528,Sunny,Singh
9643214529,Sunny,Singh
9643214530,Sunny,Singh
9643214531,Sunny,Singh
9643214532,Sunny,Singh
9643214533,Sunny,Singh
9643214534,Sunny,Singh
9643214535,Sunny,Singh
9643214536,Sunny,Singh
9643214537,Sunny,Singh
9643214538,Sunny,Singh
9643214539,Sunny,Singh
9643214540,Sunny,Singh
9643214541,Sunny,Singh
9643214542,Sunny,Singh
9643214543,Sunny,Singh
9643214544,Sunny,Singh
9643214545,Sunny,Singh
9643214546,Sunny,Singh
9643214547,Sunny,Singh
9643214548,Sunny,Singh
9643214549,Sunny,Singh
9643214550,Sunny,Singh
9643214551,Sunny,Singh
9643214552,Sunny,Singh
9643214553,Sunny,Singh
9643214554,Sunny,Singh
9643214555,Sunny,Singh
9643214556,Sunny,Singh
9643214557,Sunny,Singh
9643214558,Sunny,Singh
9643214559,Sunny,Singh
9643214560,Sunny,Singh
9643214561,Sunny,Singh
9643214562,Sunny,Singh
9643214563,Sunny,Singh
9643214564,Sunny,Singh
9643214565,Sunny,Singh
9643214566,Sunny,Singh
9643214567,Sunny,Singh
9643214568,Sunny,Singh
9643214569,Sunny,Singh
9643214570,Sunny,Singh
9643214571,Sunny,Singh
9643214572,Sunny,Singh
9643214573,Sunny,Singh
9643214574,Sunny,Singh
9643214575,Sunny,Singh
9643214576,Sunny,Singh
9643214577,Sunny,Singh
9643214578,Sunny,Singh
9643214579,Sunny,Singh
9643214580,Sunny,Singh
9643214581,Sunny,Singh
9643214582,Sunny,Singh
9643214583,Sunny,Singh
9643214584,Sunny,Singh
9643214585,Sunny,Singh
9643214586,Sunny,Singh
9643214587,Sunny,Singh
9643214588,Sunny,Singh
9643214589,Sunny,Singh
9643214590,Sunny,Singh
9643214591,Sunny,Singh
9643214592,Sunny,Singh
9643214593,Sunny,Singh
9643214594,Sunny,Singh
9643214595,Sunny,Singh
9643214596,Sunny,Singh
9643214597,Sunny,Singh
9643214598,Sunny,Singh
9643214599,Sunny,Singh
9643214600,Sunny,Singh
9643214601,Sunny,Singh
9643214602,Sunny,Singh
9643214603,Sunny,Singh
9643214604,Sunny,Singh
9643214605,Sunny,Singh
9643214606,Sunny,Singh
9643214607,Sunny,Singh
9643214608,Sunny,Singh
9643214609,Sunny,Singh
9643214610,Sunny,Singh
9643214611,Sunny,Singh
9643214612,Sunny,Singh
9643214613,Sunny,Singh
9643214614,Sunny,Singh
9643214615,Sunny,Singh
9643214616,Sunny,Singh
9643214617,Sunny,Singh
9643214618,Sunny,Singh
9643214619,Sunny,Singh
9643214620,Sunny,Singh
9643214621,Sunny,Singh
9643214622,Sunny,Singh
9643214623,Sunny,Singh
9643214624,Sunny,Singh
9643214625,Sunny,Singh
9643214626,Sunny,Singh
9643214627,Sunny,Singh
9643214628,Sunny,Singh
9643214629,Sunny,Singh
9643214630,Sunny,Singh
9643214631,Sunny,Singh
9643214632,Sunny,Singh
9643214633,Sunny,Singh
9643214634,Sunny,Singh
9643214635,Sunny,Singh
9643214636,Sunny,Singh
9643214637,Sunny,Singh
9643214638,Sunny,Singh
9643214639,Sunny,Singh
9643214640,Sunny,Singh
9643214641,Sunny,Singh
9643214642,Sunny,Singh
9643214643,Sunny,Singh
9643214644,Sunny,Singh
9643214645,Sunny,Singh
9643214646,Aditya,Singh
9643214647,Aditya,Singh
9643214648,Aditya,Singh
9643214649,Aditya,Singh
9643214650,Aditya,Singh
9643214651,Aditya,Singh
9818660246,Aditya,Singh
9818660247,Aditya,Singh
9818660248,Aditya,Singh
9818660249,Aditya,Singh
9818660250,Aditya,Singh
9818660251,Aditya,Singh
9818660252,Aditya,Singh
9818660253,Aditya,Singh
9818660254,Aditya,Singh
9818660255,Aditya,Singh
9818660256,Aditya,Singh
9818660257,Aditya,Singh
9818660258,Aditya,Singh
9818660259,Aditya,Singh
9818660260,Aditya,Singh
9818660261,Aditya,Singh
9818660262,Aditya,Singh
9818660263,Aditya,Singh
9818660264,Aditya,Singh
9818660265,Aditya,Singh
9818660266,Aditya,Singh
9818660267,Aditya,Singh
9818660268,Aditya,Singh
9818660269,Aditya,Singh
9818660270,Aditya,Singh
9818660271,Aditya,Singh
9818660272,Aditya,Singh
9818660273,Aditya,Singh
9818660274,Aditya,Singh
9818660275,Aditya,Singh
9818660276,Aditya,Singh
9818660277,Aditya,Singh
9818660278,Aditya,Singh
9818660279,Aditya,Singh
9818660280,Aditya,Singh
9818660281,Aditya,Singh
9818660282,Aditya,Singh
9818660283,Aditya,Singh
9818660284,Aditya,Singh
9818660285,Aditya,Singh
9818660286,Aditya,Singh
9818660287,Aditya,Singh
9818660288,Aditya,Singh
9818660289,Aditya,Singh
9818660290,Aditya,Singh
9818660291,Aditya,Singh
9818660292,Aditya,Singh
9818660293,Aditya,Singh
9818660294,Aditya,Singh
9818660295,Aditya,Singh
9818660296,Aditya,Singh
9818660297,Aditya,Singh
9818660298,Aditya,Singh
9818660299,Aditya,Singh
9818660300,Aditya,Singh
9818660301,Aditya,Singh
9818660302,Aditya,Singh
9818660303,Aditya,Singh
9818660304,Aditya,Singh
9818660305,Aditya,Singh
9818660306,Aditya,Singh
9818660307,Aditya,Singh
9818660308,Aditya,Singh
9818660309,Aditya,Singh
9818660310,Aditya,Singh
9818660311,Aditya,Singh
9818660312,Aditya,Singh
9818660313,Aditya,Singh
9818660314,Aditya,Singh
9818660315,Aditya,Singh
9818660316,Aditya,Singh
9818660317,Aditya,Singh
9818660318,Aditya,Singh
9818660319,Aditya,Singh
9818660320,Aditya,Singh
9818660321,Aditya,Singh
9818660322,Aditya,Singh
9555920202,Aditya,Singh
9555920203,Aditya,Singh
9555920204,Aditya,Singh
9555920205,Aditya,Singh
9555920206,Aditya,Singh
9555920207,Aditya,Singh
9555920208,Aditya,Singh
9555920209,Aditya,Singh
9555920210,Aditya,Singh
9555920211,Aditya,Singh
9555920212,Aditya,Singh
9555920213,Aditya,Singh
9555920214,Aditya,Singh
9555920215,Aditya,Singh
9555920216,Aditya,Singh
9555920217,Aditya,Singh
9555920218,Aditya,Singh
9555920219,Aditya,Singh
9555920220,Aditya,Singh
9555920221,Aditya,Singh
9555920222,Aditya,Singh
9555920223,Aditya,Singh
9555920224,Aditya,Singh
9555920225,Aditya,Singh
9555920226,Aditya,Singh
9555920227,Aditya,Singh
9555920228,Aditya,Singh
9555920229,Aditya,Gupta
9555920230,Aditya,Gupta
9555920231,Aditya,Gupta
9555920232,Aditya,Gupta
9555920233,Aditya,Gupta
9555920234,Aditya,Gupta
9555920235,Aditya,Gupta
9555920236,Aditya,Gupta
9555920237,Aditya,Gupta
9555920238,Aditya,Gupta
9555920239,Aditya,Gupta
9555920240,Aditya,Gupta
9555920241,Aditya,Gupta
9555920242,Aditya,Gupta
9555920243,Aditya,Gupta
9555920244,Aditya,Gupta
9555920245,Aditya,Gupta
9555920246,Aditya,Gupta
9555920247,Aditya,Gupta
9555920248,Aditya,Gupta
9555920249,Aditya,Gupta
9555920250,Aditya,Gupta
9555920251,Aditya,Gupta
9555920252,Aditya,Gupta
9555920253,Aditya,Gupta
9555920254,Aditya,Gupta
9555920255,Aditya,Gupta
9555920256,Aditya,Gupta
9555920257,Aditya,Gupta
9555920258,Aditya,Gupta
9555920259,Aditya,Gupta
9555920260,Aditya,Gupta
9555920261,Aditya,Gupta
9555920262,Aditya,Gupta
9555920263,Aditya,Gupta
9555920264,Aditya,Gupta
9555920265,Aditya,Gupta
9555920266,Aditya,Gupta
9555920267,Aditya,Gupta
9555920268,Aditya,Gupta
9555920269,Aditya,Gupta
9555920270,Aditya,Gupta
9555920271,Aditya,Gupta
9555920272,Aditya,Gupta
9555920273,Aditya,Gupta
9555920274,Aditya,Gupta
9555920275,Aditya,Gupta
9555920276,Aditya,Gupta
9555920277,Aditya,Gupta
9555920278,Aditya,Gupta
8750651505,Aditya,Gupta
8750651506,Aditya,Gupta
8750651507,Aditya,Gupta
8750651508,Aditya,Gupta
8750651509,Aditya,Gupta
8750651510,Aditya,Gupta
8750651511,Aditya,Gupta
8750651512,Aditya,Gupta
8750651513,Aditya,Gupta
8750651514,Aditya,Gupta
8750651515,Aditya,Gupta
8750651516,Aditya,Gupta
8750651517,Aditya,Gupta
8750651518,Aditya,Gupta
8750651519,Aditya,Gupta
8750651520,Aditya,Gupta
8750651521,Aditya,Gupta
8750651522,Aditya,Gupta
8750651523,Aditya,Gupta
8750651524,Aditya,Gupta
8750651525,Aditya,Gupta
8750651526,Aditya,Gupta
8750651527,Aditya,Gupta
8750651528,Aditya,Gupta
8750651529,Aditya,Gupta
8750651530,Aditya,Gupta
8750651531,Aditya,Gupta
8750651532,Aditya,Gupta
8750651533,Aditya,Gupta
8750651534,Aditya,Gupta
8750651535,Aditya,Gupta
8750651536,Aditya,Gupta
8750651537,Aditya,Gupta
8750651538,Aditya,Gupta
8750651539,Aditya,Gupta
8750651540,Aditya,Gupta
8750651541,Aditya,Gupta
8750651542,Aditya,Gupta
8750651543,Aditya,Gupta
8750651544,Aditya,Gupta
8750651545,Aditya,Gupta
8750651546,Aditya,Gupta
8750651547,Aditya,Gupta
8750651548,Aditya,Gupta
8750651549,Aditya,Gupta
8750651550,Aditya,Gupta
8750651551,Aditya,Gupta
8750651552,Aditya,Gupta
8750651553,Aditya,Gupta
8750651554,Aditya,Gupta
8750651555,Aditya,Gupta
8750651556,Aditya,Gupta
8750651557,Aditya,Gupta
8750651558,Aditya,Gupta
8750651559,Aditya,Gupta
8750651560,Aditya,Gupta
8750651561,Aditya,Gupta
8750651562,Aditya,Gupta
8750651563,Aditya,Gupta
8750651564,Aditya,Gupta
8750651565,Aditya,Gupta
8750651566,Aditya,Gupta
8750651567,Aditya,Gupta
8750651568,Aditya,Gupta
8750651569,Aditya,Gupta
8750651570,Aditya,Gupta
8750651571,Aditya,Gupta
8750651572,Aditya,Gupta
8750651573,Aditya,Gupta
8750651574,Aditya,Gupta
8750651575,Aditya,Gupta
8750651576,Aditya,Gupta
8750651577,Aditya,Gupta
8750651578,Aditya,Gupta
8750651579,Aditya,Gupta
8750651580,Aditya,Gupta
8750651581,Aditya,Gupta
8750651582,Aditya,Gupta
8750651583,Aditya,Gupta
8750651584,Aditya,Gupta
8750651585,Aditya,Gupta
8750651586,Aditya,Gupta
8750651587,Aditya,Gupta
8750651588,Aditya,Gupta
8750651589,Aditya,Gupta
8750651590,Aditya,Gupta
8750651591,Aditya,Gupta
8750651592,Aditya,Gupta
8750651593,Aditya,Gupta
8750651594,Aditya,Gupta
8750651595,Aditya,Gupta
8750651596,Aditya,Gupta
8750651597,Aditya,Gupta
8750651598,Aditya,Gupta
8750651599,Aditya,Gupta
8750651600,Aditya,Gupta
8750651601,Aditya,Gupta
8750651602,Aditya,Gupta
8750651603,Aditya,Gupta
8750651604,Aditya,Gupta
8750651605,Aditya,Gupta
8750651606,Aditya,Gupta
8750651607,Aditya,Gupta
8750651608,Aditya,Gupta
8750651609,Aditya,Gupta
8750651610,Aditya,Gupta
8750651611,Aditya,Gupta
8750651612,Aditya,Gupta
8750651613,Aditya,Gupta
8750651614,Aditya,Gupta
8750651615,Aditya,Gupta
8750651616,Aditya,Gupta
8750651617,Aditya,Gupta
8750651618,Aditya,Gupta
8750651619,Aditya,Gupta
8750651620,Aditya,Gupta
8750651621,Aditya,Gupta
8750651622,Aditya,Gupta
8750651623,Aditya,Gupta
8750651624,Aditya,Gupta
8750651625,Aditya,Gupta
8750651626,Aditya,Gupta
8750651627,Aditya,Gupta
8750651628,Aditya,Gupta
8750651629,Aditya,Gupta
8750651630,Aditya,Gupta
8750651631,Aditya,Gupta
8750651632,Aditya,Gupta
8750651633,Aditya,Gupta
8750651634,Aditya,Gupta
8750651635,Aditya,Gupta
8750651636,Aditya,Gupta
8750651637,Aditya,Gupta
8750651638,Aditya,Gupta
8750651639,Aditya,Gupta
8750651640,Aditya,Gupta
8750651641,Aditya,Gupta
8750651642,Aditya,Gupta
8750651643,Aditya,Gupta
8750651644,Aditya,Gupta
8750651645,Aditya,Gupta
8750651646,Aditya,Gupta
8750651647,Aditya,Gupta
8750651648,Aditya,Gupta
8750651649,Aditya,Gupta
8750651650,Aditya,Gupta
8750651651,Aditya,Gupta
8750651652,Aditya,Gupta
8750651653,Aditya,Gupta
8750651654,Aditya,Gupta
8750651655,Aditya,Gupta
8750651656,Aditya,Gupta
8750651657,Aditya,Gupta
8750651658,Aditya,Gupta
8750651659,Aditya,Gupta
8750651660,Aditya,Gupta
8750651661,Aditya,Gupta
8750651662,Aditya,Gupta
8750651663,Aditya,Gupta
8750651664,Aditya,Gupta
8750651665,Aditya,Gupta
8750651666,Aditya,Gupta
8750651667,Sachin,Gupta
8750651668,Sachin,Gupta
8750651669,Sachin,Gupta
8750651670,Sachin,Gupta
8750651671,Sachin,Gupta
8750651672,Sachin,Gupta
8750651673,Sachin,Gupta
8750651674,Sachin,Gupta
8750651675,Sachin,Gupta
8750651676,Sachin,Gupta
8750651677,Sachin,Gupta
8750651678,Sachin,Gupta
8750651679,Sachin,Gupta
8750651680,Sachin,Gupta
8750651681,Sachin,Gupta
8750651682,Sachin,Gupta
8750651683,Sachin,Gupta
8750651684,Sachin,Gupta
8750651685,Sachin,Gupta
8750651686,Sachin,Gupta
8750651687,Sachin,Gupta
8750651688,Sachin,Gupta
8750651689,Sachin,Gupta
8750651690,Sachin,Gupta
8750651691,Sachin,Gupta
8750651692,Sachin,Gupta
8750651693,Sachin,Gupta
9621789502,Sachin,Gupta
9621789503,Sachin,Gupta
9621789504,Sachin,Gupta
9621789505,Sachin,Gupta
9621789506,Sachin,Gupta
9621789507,Sachin,Gupta
9621789508,Sachin,Gupta
9621789509,Sachin,Gupta
9621789510,Sachin,Gupta
9621789511,Sachin,Gupta
9621789512,Sachin,Gupta
9621789513,Sachin,Gupta
9621789514,Sachin,Gupta
9621789515,Sachin,Gupta
9621789516,Sachin,Gupta
9621789517,Sachin,Gupta
9621789518,Sachin,Gupta
9621789519,Sachin,Gupta
9621789520,Sachin,Gupta
9621789521,Sachin,Gupta
9621789522,Sachin,Gupta
9621789523,Sachin,Gupta
9621789524,Sachin,Gupta
9621789525,Sachin,Gupta
9621789526,Sachin,Gupta
9621789527,Sachin,Gupta
9621789528,Sachin,Gupta
9621789529,Sachin,Gupta
9621789530,Sachin,Gupta
9621789531,Sachin,Gupta
9621789532,Sachin,Gupta
9621789533,Sachin,Gupta
9621789534,Sachin,Gupta
9621789535,Sachin,Gupta
9621789536,Sachin,Gupta
9621789537,Sachin,Gupta
9621789538,Sachin,Gupta
9621789539,Sachin,Gupta
9621789540,Sachin,Gupta
9621789541,Sachin,Gupta
9621789542,Sachin,Gupta
9621789543,Sachin,Gupta
9621789544,Sachin,Gupta
9621789545,Sachin,Gupta
9621789546,Sachin,Gupta
9621789547,Sachin,Gupta
9621789548,Sachin,Gupta
9621789549,Sachin,Gupta
9621789550,Sachin,Gupta
9621789551,Sachin,Gupta
9621789552,Sachin,Gupta
9621789553,Sachin,Gupta
9621789554,Sachin,Gupta
9621789555,Sachin,Gupta
9621789556,Sachin,Gupta
9621789557,Sachin,Gupta
9621789558,Sachin,Gupta
9621789559,Sachin,Gupta
9621789560,Sachin,Gupta
9621789561,Sachin,Gupta
9621789562,Sachin,Gupta
9621789563,Sachin,Gupta
9621789564,Sachin,Gupta
9621789565,Sachin,Gupta
9621789566,Sachin,Gupta
9621789567,Sachin,Gupta
9621789568,Sachin,Gupta
9621789569,Sachin,Gupta
9621789570,Sachin,Gupta
9621789571,Sachin,Gupta
9621789572,Sachin,Gupta
9621789573,Sachin,Gupta
9621789574,Sachin,Gupta
9621789575,Sachin,Gupta
9621789576,Sachin,Gupta
9621789577,Sachin,Gupta
9621789578,Sachin,Gupta
9621789579,Sachin,Gupta
9621789580,Sachin,Gupta
9621789581,Sachin,Gupta
9621789582,Sachin,Gupta
9621789583,Sachin,Gupta
9621789584,Sachin,Gupta
9621789585,Sachin,Gupta
9621789586,Sachin,Gupta
9621789587,Sachin,Gupta
9621789588,Sachin,Gupta
9621789589,Sachin,Gupta
9621789590,Sachin,Gupta
9621789591,Sachin,Gupta
9621789592,Sachin,Gupta
9621789593,Sachin,Gupta
9621789594,Sachin,Gupta
9621789595,Sachin,Gupta
9621789596,Sachin,Gupta
9621789597,Sachin,Gupta
9621789598,Sachin,Gupta
9621789599,Sachin,Gupta
9621789600,Sachin,Gupta
9621789601,Sachin,Gupta
9621789602,Sachin,Gupta
9621789603,Sachin,Gupta
9621789604,Sachin,Gupta
9621789605,Sachin,Gupta
9621789606,Sachin,Gupta
9621789607,Sachin,Gupta
9621789608,Sachin,Gupta
9621789609,Sachin,Gupta
9621789610,Sachin,Gupta
9621789611,Sachin,Gupta
9621789612,Sachin,Gupta
9621789613,Sachin,Gupta
9621789614,Sachin,Gupta
9621789615,Sachin,Gupta
9621789616,Sachin,Gupta
9621789617,Sachin,Gupta
9621789618,Sachin,Gupta
9621789619,Sachin,Gupta
9621789620,Sachin,Gupta
9621789621,Sachin,Gupta
9621789622,Sachin,Gupta
9621789623,Sachin,Gupta
9621789624,Sachin,Gupta
9621789625,Sachin,Gupta
9621789626,Sachin,Gupta
9621789627,Sachin,Gupta
9621789628,Sachin,Gupta
9621789629,Sachin,Gupta
9621789630,Sachin,Gupta
9621789631,Sachin,Gupta
9621789632,Sachin,Gupta
9621789633,Sachin,Gupta
9621789634,Sachin,Gupta
9621789635,Sachin,Gupta
9621789636,Sachin,Gupta
9621789637,Sachin,Gupta
9621789638,Sachin,Gupta
9621789639,Sachin,Gupta
9621789640,Sachin,Gupta
9621789641,Sachin,Gupta
9621789642,Sachin,Gupta
9621789643,Sachin,Gupta
9621789644,Sachin,Gupta
9621789645,Sachin,Gupta
9621789646,Sachin,Gupta
9621789647,Sachin,Gupta
9621789648,Sachin,Gupta
9621789649,Sachin,Gupta
9621789650,Sachin,Gupta
9621789651,Sachin,Gupta
9621789652,Sachin,Gupta
9621789653,Sachin,Gupta
9621789654,Sachin,Gupta
9621789655,Sachin,Gupta
9621789656,Sachin,Gupta
9621789657,Sachin,Gupta
9621789658,Sachin,Gupta
9621789659,Sachin,Gupta
9621789660,Sachin,Gupta
9621789661,Sachin,Gupta
9621789662,Sachin,Gupta
9621789663,Sachin,Gupta
9621789664,Sachin,Gupta
9621789665,Sachin,Gupta
9621789666,Sachin,Gupta
9621789667,Sachin,Gupta
9621789668,Sachin,Gupta
9621789669,Sachin,Gupta
9621789670,Sachin,Gupta
9621789671,Sachin,Gupta
9621789672,Sachin,Gupta
9621789673,Sachin,Gupta
9621789674,Sachin,Gupta
9621789675,Sachin,Gupta
9621789676,Sachin,Gupta
9621789677,Sachin,Gupta
9621789678,Sachin,Gupta
9621789679,Sachin,Gupta
9621789680,Sachin,Gupta
9621789681,Sachin,Gupta
9621789682,Sachin,Gupta
9621789683,Sachin,Gupta
9621789684,Sachin,Gupta
9621789685,Sachin,Gupta
9621789686,Sachin,Gupta
9621789687,Sachin,Gupta
9621789688,Sachin,Gupta
9621789689,Sachin,Gupta
9621789690,Sachin,Gupta
9621789691,Sachin,Gupta
9621789692,Sachin,Gupta
9621789693,Sachin,Gupta
9621789694,Sachin,Gupta
9621789695,Sachin,Gupta
9621789696,Sachin,Gupta
9621789697,Sachin,Gupta
9621789698,Sachin,Gupta
9621789699,Sachin,Gupta
9621789700,Sachin,Gupta
9621789701,Sachin,Gupta
9621789702,Sachin,Gupta
9621789703,Sachin,Gupta
9621789704,Sachin,Gupta
9621789705,Sachin,Gupta
9621789706,Sachin,Gupta
9621789707,Sachin,Gupta
9621789708,Sachin,Gupta
9621789709,Sachin,Gupta
9621789710,Sachin,Gupta
9621789711,Sachin,Gupta
9621789712,Sachin,Gupta
9621789713,Sachin,Gupta
9621789714,Sachin,Gupta
9621789715,Sachin,Gupta
9621789716,Sachin,Gupta
9621789717,Sachin,Gupta
9621789718,Sachin,Gupta
9621789719,Sachin,Gupta
9621789720,Sachin,Gupta
9621789721,Sachin,Gupta
9621789722,Sachin,Gupta
9621789723,Sachin,Gupta
9621789724,Sachin,Gupta
9621789725,Sachin,Gupta
9621789726,Sachin,Gupta
9621789727,Sachin,Gupta
9621789728,Sachin,Gupta
9621789729,Sachin,Gupta
9621789730,Sachin,Gupta
9621789731,Sachin,Gupta
9621789732,Sachin,Gupta
9621789733,Sachin,Gupta
9621789734,Sachin,Gupta
9621789735,Sachin,Gupta
9621789736,Sachin,Gupta
9621789737,Sachin,Gupta
9621789738,Sachin,Gupta
9621789739,Sachin,Gupta
9621789740,Sachin,Gupta
9621789741,Sachin,Gupta
9621789742,Sachin,Gupta
9621789743,Sachin,Gupta
9621789744,Sachin,Gupta
9621789745,Sachin,Gupta
9621789746,Sachin,Gupta
9621789747,Sachin,Gupta
9621789748,Sachin,Gupta
9621789749,Sachin,Gupta
9621789750,Sachin,Gupta
9621789751,Sachin,Gupta
9621789752,Sachin,Gupta
9621789753,Sachin,Gupta
9621789754,Sachin,Gupta
9621789755,Sachin,Gupta
9621789756,Sachin,Gupta
9621789757,Sachin,Gupta
9621789758,Sachin,Gupta
9621789759,Sachin,Gupta
9621789760,Sachin,Gupta
9621789761,Sachin,Gupta
9621789762,Sachin,Gupta
9621789763,Sachin,Gupta
9621789764,Sachin,Gupta
9621789765,Sachin,Gupta
9621789766,Sachin,Gupta
9621789767,Sachin,Gupta
9621789768,Sachin,Gupta
9621789769,Sachin,Gupta
9621789770,Sachin,Gupta
