PhoneNumber,FirstName,LastName,Priority,City,Integer
9919426941,Yogendra,Gupta,1,Mumbai,100
9919426942,Yogendra,Gupta,2,Mumbai,101
9919426943,Yogendra,Gupta,3,Mumbai,102
9919426944,Yogendra,Gupta,4,Mumbai,103
9919426945,Yogendra,Gupta,5,Mumbai,104
9919426946,Yogendra,Gupta,6,Mumbai,105
9919426947,Yogendra,Gupta,7,Mumbai,106
9919426948,Yogendra,Gupta,8,Mumbai,107
9919426949,Yogendra,Gupta,9,Mumbai,108
9919426950,Yogendra,Gupta,10,Mumbai,109
9919426951,Yogendra,Gupta,11,Mumbai,110
9919426952,Yogendra,Gupta,12,Mumbai,111
9919426953,Yogendra,Gupta,13,Mumbai,112
9919426954,Yogendra,Gupta,14,Mumbai,113
9919426955,Yogendra,Gupta,15,Mumbai,114
9919426956,Yogendra,Gupta,16,Mumbai,115
9919426957,Yogendra,Gupta,17,Mumbai,116
9919426958,Yogendra,Gupta,18,Mumbai,117
9919426959,Yogendra,Gupta,19,Mumbai,118
9919426960,Yogendra,Gupta,20,Mumbai,119
9956049070,Sunny,Gupta,21,Delhi,120
9956049071,Sunny,Gupta,22,Delhi,121
9956049072,Sunny,Gupta,23,Delhi,122
9956049073,Sunny,Gupta,24,Delhi,123
9956049074,Sunny,Gupta,25,Delhi,124
9956049075,Sunny,Gupta,26,Delhi,125
9956049076,Sunny,Gupta,27,Delhi,126
9956049077,Sunny,Gupta,28,Delhi,127
9956049078,Sunny,Gupta,29,Delhi,128
9956049079,Sunny,Gupta,30,Delhi,129
9956049080,Sunny,Gupta,31,Delhi,130
9956049081,Sunny,Gupta,32,Delhi,131
9956049082,Sunny,Gupta,33,Delhi,132
9956049083,Sunny,Gupta,34,Delhi,133
9956049084,Sunny,Gupta,35,Delhi,134
9956049085,Sunny,Gupta,36,Delhi,135
9956049086,Sunny,Gupta,37,Delhi,136
9956049087,Sunny,Gupta,38,Delhi,137
9956049088,Sunny,Gupta,39,Delhi,138
9956049089,Sunny,Gupta,40,Delhi,139
9919426941,Yogendra,Gupta,41,Banglore,140
9919426941,Yogendra,Gupta,42,Banglore,141
9919426941,Yogendra,Gupta,43,Banglore,142
9919426941,Yogendra,Gupta,44,Banglore,143
9919426941,Yogendra,Gupta,45,Banglore,144
9919426941,Yogendra,Gupta,46,Banglore,145
9919426941,Yogendra,Gupta,47,Banglore,146
9919426941,Yogendra,Gupta,48,Banglore,147
9919426941,Yogendra,Gupta,49,Banglore,148
9919426941,Yogendra,Gupta,50,Banglore,149
9919426941,Yogendra,Gupta,51,Banglore,150
9919426941,Yogendra,Gupta,52,Banglore,151
9919426941,Yogendra,Gupta,53,Banglore,152
9919426941,Yogendra,Gupta,54,Banglore,153
9919426941,Yogendra,Gupta,55,Banglore,154
9919426941,Yogendra,Gupta,56,Banglore,155
9919426941,Yogendra,Gupta,57,Banglore,156
9919426941,Yogendra,Gupta,58,Banglore,157
9919426941,Yogendra,Gupta,59,Banglore,158
9919426941,Yogendra,Gupta,60,Banglore,159
